{"comments": "27508 comments", "created_at": "Tue Mar 2 22:52:12 2010 UTC", "vote": "13.0k", "title": "[S7E3] Post-Premiere Discussion - S7E3 'The Queen's Justice'"}
{"comments": "94 comments", "created_at": "Mon Jul 31 02:06:13 2017 UTC", "vote": "80", "title": "[S7E3] Contest Thread #3 - Digitally draw your favorite character from episode 3!"}
{"comments": "574 comments", "created_at": "Wed Aug 2 18:00:42 2017 UTC", "vote": "26.3k", "title": "[EVERYTHING] Redrew \"Tyrell the Thug\" (based on the original doodle I myself drew)"}
{"comments": "546 comments", "created_at": "Wed Aug 2 14:29:16 2017 UTC", "vote": "1861", "title": "[MAIN SPOILERS] Theory about Ser Davos and the Unsullied"}
{"comments": "40 comments", "created_at": "Wed Aug 2 15:28:57 2017 UTC", "vote": "449", "title": "[EVERYTHING] The man who passes the sentence should swing the sword"}
{"comments": "22 comments", "created_at": "Wed Aug 2 22:37:46 2017 UTC", "vote": "906", "title": "[Everything] I made this a few years ago."}
{"comments": "427 comments", "created_at": "Wed Aug 2 18:29:40 2017 UTC", "vote": "1137", "title": "[EVERYTHING] I think that last episode basically confirmed who Azor Ahai is..."}
{"comments": "79 comments", "created_at": "Wed Aug 2 16:56:39 2017 UTC", "vote": "447", "title": "[Everything] Jon is the only person in GOT.."}
{"comments": "212 comments", "created_at": "last edited 10 hours ago", "vote": "440", "title": "[Everything] New pics from episode 4, \"Spoils of War.\""}
{"comments": "19 comments", "created_at": "Wed Aug 2 21:43:24 2017 UTC", "vote": "172", "title": "[MAIN SPOILERS] Olenna Tyrell's verses for Rains of Castamere"}
{"comments": "63 comments", "created_at": "Wed Aug 2 19:56:38 2017 UTC", "vote": "318", "title": "[EVERYTHING] Scouting Report: Jaime Lannister- The Ringer Twitter"}
{"comments": "124 comments", "created_at": "Thu Aug 3 00:00:38 2017 UTC", "vote": "538", "title": "[EVERYTHING] Something about Jon I just realised..."}
{"comments": "47 comments", "created_at": "last edited 1 hour ago", "vote": "177", "title": "[S7E3] Petyr Baelish gave me chills with this quote, so i made a simplistic wallpaper of it."}
{"comments": "167 comments", "created_at": "Wed Aug 2 20:26:37 2017 UTC", "vote": "971", "title": "[MAIN SPOILERS] Infographic about the greatest battle until now in the war of the five Kings: the Blackwater battle"}
{"comments": "486 comments", "created_at": "Wed Aug 2 16:33:27 2017 UTC", "vote": "2620", "title": "[EVERYTHING] Tyrion's evolution through the show!"}
{"comments": "93 comments", "created_at": "Wed Aug 2 22:20:33 2017 UTC", "vote": "276", "title": "[EVERYTHING] Does anybody else think that Shae"}
{"comments": "170 comments", "created_at": "Wed Aug 2 12:51:28 2017 UTC", "vote": "597", "title": "[MAIN SPOILERS] The one thing that I love the most about this show."}
{"comments": "17 comments", "created_at": "Wed Aug 2 07:25:42 2017 UTC", "vote": "103", "title": "[NO SPOILERS] Thanks to user /u/lane_cruiser for Hand drawing this map! It's the most detailed GoT map I've ever seen and I'm more than pleased with the way it looks."}
{"comments": "29 comments", "created_at": "Wed Aug 2 19:03:29 2017 UTC", "vote": "292", "title": "[MAIN SPOILERS] My wallpaper of John Snow meeting."}
{"comments": "51 comments", "created_at": "Wed Aug 2 14:33:09 2017 UTC", "vote": "685", "title": "[NO SPOILERS] Part way through building Kings Landing"}
{"comments": "47 comments", "created_at": "Wed Aug 2 23:53:31 2017 UTC", "vote": "497", "title": "[EVERYTHING] my sister and I as Arya and Daenerys for trivia night."}
{"comments": "74 comments", "created_at": "Wed Aug 2 17:35:40 2017 UTC", "vote": "128", "title": "[EVERYTHING] Stills from a new Episode 4 teaser shown on Sky UK (Potato Quality)"}
{"comments": "38 comments", "created_at": "Wed Aug 2 12:44:21 2017 UTC", "vote": "452", "title": "[EVERYTHING] The Red Viper"}
{"comments": "40 comments", "created_at": "Wed Aug 2 13:53:20 2017 UTC", "vote": "478", "title": "[EVERYTHING] Artist's depiction of Winterfell"}
{"comments": "158 comments", "created_at": "Wed Aug 2 20:47:35 2017 UTC", "vote": "7129", "title": "[S7E3] First Impressions (comic)"}
{"comments": "7 comments", "created_at": "Wed Aug 2 13:23:24 2017 UTC", "vote": "48", "title": "[Main Spoilers] Had a go at doing Tyrion. Speaking of him, will we ever hear the end of his damn story about the honeycomb and jackass in the brothel?"}
{"comments": "70 comments", "created_at": "Wed Aug 2 11:45:34 2017 UTC", "vote": "203", "title": "[MAIN SPOILERS] Did Margaery actually care?"}
